view_id,page_id,viewer,view_date,time_on_page_seconds,sprint_number
1,5,jordan.davis,2024-01-01 00:00:00,219,1
2,6,rachel.wilson,2024-01-01 00:00:00,152,1
3,6,alex.brown,2024-01-01 00:00:00,211,1
4,3,tom.garcia,2024-01-01 00:00:00,194,1
5,4,james.taylor,2024-01-01 00:00:00,148,1
6,1,emma.jones,2024-01-01 00:00:00,162,1
7,3,david.kumar,2024-01-01 00:00:00,188,1
8,4,mark.smith,2024-01-01 00:00:00,114,1
9,6,mark.smith,2024-01-01 00:00:00,277,1
10,4,sarah.johnson,2024-01-01 00:00:00,192,1
11,2,james.taylor,2024-01-01 00:00:00,141,1
12,3,sam.miller,2024-01-01 00:00:00,364,1
13,2,sam.miller,2024-01-01 00:00:00,358,1
14,1,rachel.wilson,2024-01-02 00:00:00,198,1
15,2,tom.garcia,2024-01-02 00:00:00,101,1
16,5,tom.garcia,2024-01-02 00:00:00,283,1
17,4,james.taylor,2024-01-02 00:00:00,205,1
18,6,rachel.wilson,2024-01-02 00:00:00,167,1
19,3,rachel.wilson,2024-01-02 00:00:00,70,1
20,2,emma.jones,2024-01-02 00:00:00,70,1
21,5,mark.smith,2024-01-02 00:00:00,312,1
22,1,david.kumar,2024-01-02 00:00:00,306,1
23,1,mark.smith,2024-01-02 00:00:00,143,1
24,3,lisa.chen,2024-01-02 00:00:00,395,1
25,6,david.kumar,2024-01-02 00:00:00,324,1
26,4,sarah.johnson,2024-01-03 00:00:00,38,1
27,5,jordan.davis,2024-01-03 00:00:00,277,1
28,1,lisa.chen,2024-01-03 00:00:00,194,1
29,1,sarah.johnson,2024-01-03 00:00:00,208,1
30,1,lisa.chen,2024-01-03 00:00:00,133,1
31,1,ana.lopez,2024-01-03 00:00:00,172,1
32,1,emma.jones,2024-01-03 00:00:00,165,1
33,1,alex.brown,2024-01-03 00:00:00,99,1
34,4,emma.jones,2024-01-03 00:00:00,61,1
35,4,rachel.wilson,2024-01-03 00:00:00,65,1
36,3,lisa.chen,2024-01-03 00:00:00,227,1
37,3,mark.smith,2024-01-03 00:00:00,339,1
38,6,david.kumar,2024-01-03 00:00:00,119,1
39,3,david.kumar,2024-01-04 00:00:00,208,1
40,5,sam.miller,2024-01-04 00:00:00,369,1
41,4,alex.brown,2024-01-04 00:00:00,375,1
42,3,emma.jones,2024-01-04 00:00:00,357,1
43,3,lisa.chen,2024-01-04 00:00:00,89,1
44,4,ana.lopez,2024-01-04 00:00:00,180,1
45,1,sarah.johnson,2024-01-04 00:00:00,238,1
46,6,tom.garcia,2024-01-04 00:00:00,332,1
47,4,alex.brown,2024-01-04 00:00:00,309,1
48,6,mark.smith,2024-01-04 00:00:00,224,1
49,5,jordan.davis,2024-01-04 00:00:00,76,1
50,2,david.kumar,2024-01-04 00:00:00,240,1
51,3,rachel.wilson,2024-01-05 00:00:00,150,1
52,4,emma.jones,2024-01-05 00:00:00,242,1
53,2,jordan.davis,2024-01-05 00:00:00,40,1
54,3,jordan.davis,2024-01-05 00:00:00,298,1
55,1,rachel.wilson,2024-01-05 00:00:00,108,1
56,1,emma.jones,2024-01-05 00:00:00,345,1
57,2,james.taylor,2024-01-05 00:00:00,338,1
58,1,ana.lopez,2024-01-05 00:00:00,281,1
59,5,alex.brown,2024-01-05 00:00:00,54,1
60,4,james.taylor,2024-01-05 00:00:00,110,1
61,5,mark.smith,2024-01-05 00:00:00,137,1
62,2,tom.garcia,2024-01-05 00:00:00,193,1
63,1,sam.miller,2024-01-05 00:00:00,305,1
64,1,alex.brown,2024-01-05 00:00:00,153,1
65,6,tom.garcia,2024-01-05 00:00:00,341,1
66,5,tom.garcia,2024-01-05 00:00:00,92,1
67,5,david.kumar,2024-01-06 00:00:00,78,1
68,6,alex.brown,2024-01-06 00:00:00,398,1
69,6,sam.miller,2024-01-06 00:00:00,291,1
70,6,lisa.chen,2024-01-06 00:00:00,215,1
71,3,ana.lopez,2024-01-06 00:00:00,152,1
72,2,sarah.johnson,2024-01-06 00:00:00,396,1
73,4,david.kumar,2024-01-06 00:00:00,141,1
74,2,mark.smith,2024-01-06 00:00:00,94,1
75,1,jordan.davis,2024-01-06 00:00:00,306,1
76,3,ana.lopez,2024-01-06 00:00:00,350,1
77,3,lisa.chen,2024-01-06 00:00:00,339,1
78,6,sarah.johnson,2024-01-06 00:00:00,338,1
79,2,emma.jones,2024-01-06 00:00:00,380,1
80,2,tom.garcia,2024-01-06 00:00:00,53,1
81,4,jordan.davis,2024-01-06 00:00:00,372,1
82,5,sarah.johnson,2024-01-06 00:00:00,205,1
83,3,rachel.wilson,2024-01-07 00:00:00,73,1
84,6,mark.smith,2024-01-07 00:00:00,138,1
85,5,mark.smith,2024-01-07 00:00:00,260,1
86,6,sarah.johnson,2024-01-07 00:00:00,175,1
87,6,jordan.davis,2024-01-07 00:00:00,155,1
88,3,tom.garcia,2024-01-07 00:00:00,226,1
89,6,emma.jones,2024-01-07 00:00:00,138,1
90,4,lisa.chen,2024-01-07 00:00:00,74,1
91,1,mark.smith,2024-01-07 00:00:00,214,1
92,3,sam.miller,2024-01-07 00:00:00,234,1
93,4,jordan.davis,2024-01-07 00:00:00,55,1
94,2,ana.lopez,2024-01-07 00:00:00,117,1
95,1,mark.smith,2024-01-07 00:00:00,159,1
96,3,mark.smith,2024-01-07 00:00:00,364,1
97,6,sarah.johnson,2024-01-07 00:00:00,248,1
98,4,tom.garcia,2024-01-08 00:00:00,381,1
99,6,sam.miller,2024-01-08 00:00:00,85,1
100,5,alex.brown,2024-01-08 00:00:00,218,1
101,1,tom.garcia,2024-01-08 00:00:00,294,1
102,2,mark.smith,2024-01-08 00:00:00,62,1
103,3,emma.jones,2024-01-08 00:00:00,34,1
104,4,tom.garcia,2024-01-08 00:00:00,89,1
105,6,alex.brown,2024-01-08 00:00:00,319,1
106,4,mark.smith,2024-01-08 00:00:00,64,1
107,5,sam.miller,2024-01-08 00:00:00,186,1
108,3,tom.garcia,2024-01-08 00:00:00,239,1
109,4,sarah.johnson,2024-01-08 00:00:00,361,1
110,6,rachel.wilson,2024-01-08 00:00:00,99,1
111,5,rachel.wilson,2024-01-08 00:00:00,56,1
112,2,ana.lopez,2024-01-08 00:00:00,202,1
113,4,rachel.wilson,2024-01-09 00:00:00,356,1
114,4,emma.jones,2024-01-09 00:00:00,340,1
115,6,jordan.davis,2024-01-09 00:00:00,100,1
116,3,sarah.johnson,2024-01-09 00:00:00,279,1
117,4,sam.miller,2024-01-09 00:00:00,213,1
118,6,mark.smith,2024-01-09 00:00:00,328,1
119,3,sarah.johnson,2024-01-09 00:00:00,262,1
120,3,david.kumar,2024-01-09 00:00:00,138,1
121,3,alex.brown,2024-01-09 00:00:00,67,1
122,6,emma.jones,2024-01-09 00:00:00,113,1
123,2,james.taylor,2024-01-09 00:00:00,396,1
124,1,sarah.johnson,2024-01-09 00:00:00,70,1
125,6,james.taylor,2024-01-09 00:00:00,372,1
126,2,mark.smith,2024-01-09 00:00:00,267,1
127,6,tom.garcia,2024-01-10 00:00:00,234,1
128,3,alex.brown,2024-01-10 00:00:00,370,1
129,5,alex.brown,2024-01-10 00:00:00,145,1
130,5,david.kumar,2024-01-10 00:00:00,189,1
131,2,sarah.johnson,2024-01-10 00:00:00,142,1
132,4,james.taylor,2024-01-10 00:00:00,44,1
133,5,sarah.johnson,2024-01-10 00:00:00,94,1
134,1,rachel.wilson,2024-01-10 00:00:00,188,1
135,6,sarah.johnson,2024-01-10 00:00:00,389,1
136,1,jordan.davis,2024-01-10 00:00:00,149,1
137,6,james.taylor,2024-01-10 00:00:00,363,1
138,6,sarah.johnson,2024-01-11 00:00:00,216,1
139,6,tom.garcia,2024-01-11 00:00:00,348,1
140,5,sam.miller,2024-01-11 00:00:00,155,1
141,5,sarah.johnson,2024-01-11 00:00:00,57,1
142,1,tom.garcia,2024-01-11 00:00:00,88,1
143,3,sam.miller,2024-01-11 00:00:00,259,1
144,6,james.taylor,2024-01-11 00:00:00,134,1
145,6,tom.garcia,2024-01-11 00:00:00,312,1
146,1,david.kumar,2024-01-11 00:00:00,347,1
147,5,james.taylor,2024-01-11 00:00:00,138,1
148,5,lisa.chen,2024-01-11 00:00:00,311,1
149,1,mark.smith,2024-01-11 00:00:00,307,1
150,3,james.taylor,2024-01-11 00:00:00,136,1
151,6,sam.miller,2024-01-12 00:00:00,232,1
152,4,mark.smith,2024-01-12 00:00:00,157,1
153,1,sam.miller,2024-01-12 00:00:00,30,1
154,1,emma.jones,2024-01-12 00:00:00,396,1
155,1,james.taylor,2024-01-12 00:00:00,363,1
156,2,alex.brown,2024-01-12 00:00:00,82,1
157,2,tom.garcia,2024-01-12 00:00:00,328,1
158,3,tom.garcia,2024-01-12 00:00:00,81,1
159,1,sarah.johnson,2024-01-12 00:00:00,194,1
160,3,sam.miller,2024-01-12 00:00:00,328,1
161,2,jordan.davis,2024-01-12 00:00:00,366,1
162,5,ana.lopez,2024-01-12 00:00:00,345,1
163,3,lisa.chen,2024-01-12 00:00:00,32,1
164,6,david.kumar,2024-01-13 00:00:00,78,1
165,2,sarah.johnson,2024-01-13 00:00:00,159,1
166,6,ana.lopez,2024-01-13 00:00:00,99,1
167,4,alex.brown,2024-01-13 00:00:00,293,1
168,4,alex.brown,2024-01-13 00:00:00,41,1
169,3,sam.miller,2024-01-13 00:00:00,136,1
170,1,james.taylor,2024-01-13 00:00:00,266,1
171,3,emma.jones,2024-01-13 00:00:00,267,1
172,2,tom.garcia,2024-01-13 00:00:00,118,1
173,2,james.taylor,2024-01-13 00:00:00,129,1
174,1,jordan.davis,2024-01-13 00:00:00,162,1
175,1,ana.lopez,2024-01-13 00:00:00,195,1
176,6,emma.jones,2024-01-14 00:00:00,112,1
177,1,lisa.chen,2024-01-14 00:00:00,31,1
178,6,mark.smith,2024-01-14 00:00:00,99,1
179,1,alex.brown,2024-01-14 00:00:00,80,1
180,5,sarah.johnson,2024-01-14 00:00:00,362,1
181,4,rachel.wilson,2024-01-14 00:00:00,209,1
182,3,emma.jones,2024-01-14 00:00:00,236,1
183,4,emma.jones,2024-01-14 00:00:00,56,1
184,3,james.taylor,2024-01-14 00:00:00,200,1
185,4,mark.smith,2024-01-14 00:00:00,327,1
186,2,david.kumar,2024-01-14 00:00:00,55,1
187,4,lisa.chen,2024-01-14 00:00:00,233,1
188,4,alex.brown,2024-01-14 00:00:00,71,1
189,11,jordan.davis,2024-01-15 00:00:00,177,2
190,4,sarah.johnson,2024-01-15 00:00:00,32,2
191,5,ana.lopez,2024-01-15 00:00:00,83,2
192,10,tom.garcia,2024-01-15 00:00:00,43,2
193,5,rachel.wilson,2024-01-15 00:00:00,274,2
194,9,lisa.chen,2024-01-15 00:00:00,64,2
195,8,ana.lopez,2024-01-15 00:00:00,138,2
196,5,sarah.johnson,2024-01-15 00:00:00,211,2
197,2,sarah.johnson,2024-01-15 00:00:00,354,2
198,11,rachel.wilson,2024-01-15 00:00:00,54,2
199,1,sarah.johnson,2024-01-15 00:00:00,63,2
200,10,mark.smith,2024-01-15 00:00:00,235,2
201,2,sarah.johnson,2024-01-15 00:00:00,319,2
202,8,emma.jones,2024-01-16 00:00:00,272,2
203,3,emma.jones,2024-01-16 00:00:00,169,2
204,11,tom.garcia,2024-01-16 00:00:00,159,2
205,3,mark.smith,2024-01-16 00:00:00,63,2
206,5,james.taylor,2024-01-16 00:00:00,203,2
207,11,james.taylor,2024-01-16 00:00:00,192,2
208,7,emma.jones,2024-01-16 00:00:00,124,2
209,7,rachel.wilson,2024-01-16 00:00:00,127,2
210,2,mark.smith,2024-01-16 00:00:00,141,2
211,11,sarah.johnson,2024-01-16 00:00:00,120,2
212,10,tom.garcia,2024-01-16 00:00:00,173,2
213,2,rachel.wilson,2024-01-16 00:00:00,190,2
214,4,alex.brown,2024-01-16 00:00:00,244,2
215,6,jordan.davis,2024-01-16 00:00:00,87,2
216,7,lisa.chen,2024-01-16 00:00:00,100,2
217,11,alex.brown,2024-01-17 00:00:00,186,2
218,2,lisa.chen,2024-01-17 00:00:00,297,2
219,1,sam.miller,2024-01-17 00:00:00,88,2
220,4,alex.brown,2024-01-17 00:00:00,33,2
221,7,sarah.johnson,2024-01-17 00:00:00,103,2
222,9,ana.lopez,2024-01-17 00:00:00,165,2
223,3,david.kumar,2024-01-17 00:00:00,297,2
224,7,emma.jones,2024-01-17 00:00:00,37,2
225,8,alex.brown,2024-01-17 00:00:00,324,2
226,3,emma.jones,2024-01-17 00:00:00,130,2
227,2,emma.jones,2024-01-17 00:00:00,41,2
228,3,tom.garcia,2024-01-18 00:00:00,147,2
229,7,jordan.davis,2024-01-18 00:00:00,394,2
230,8,sarah.johnson,2024-01-18 00:00:00,146,2
231,3,lisa.chen,2024-01-18 00:00:00,296,2
232,3,sam.miller,2024-01-18 00:00:00,112,2
233,10,ana.lopez,2024-01-18 00:00:00,381,2
234,1,emma.jones,2024-01-18 00:00:00,216,2
235,9,rachel.wilson,2024-01-18 00:00:00,322,2
236,7,alex.brown,2024-01-18 00:00:00,196,2
237,2,emma.jones,2024-01-18 00:00:00,386,2
238,1,lisa.chen,2024-01-18 00:00:00,125,2
239,4,mark.smith,2024-01-18 00:00:00,160,2
240,8,jordan.davis,2024-01-19 00:00:00,260,2
241,4,lisa.chen,2024-01-19 00:00:00,324,2
242,4,emma.jones,2024-01-19 00:00:00,389,2
243,10,tom.garcia,2024-01-19 00:00:00,160,2
244,6,jordan.davis,2024-01-19 00:00:00,290,2
245,2,lisa.chen,2024-01-19 00:00:00,368,2
246,9,rachel.wilson,2024-01-19 00:00:00,280,2
247,11,sam.miller,2024-01-19 00:00:00,99,2
248,6,mark.smith,2024-01-19 00:00:00,119,2
249,1,james.taylor,2024-01-19 00:00:00,379,2
250,5,jordan.davis,2024-01-20 00:00:00,338,2
251,11,james.taylor,2024-01-20 00:00:00,254,2
252,5,james.taylor,2024-01-20 00:00:00,97,2
253,9,tom.garcia,2024-01-20 00:00:00,86,2
254,4,sam.miller,2024-01-20 00:00:00,169,2
255,6,emma.jones,2024-01-20 00:00:00,327,2
256,11,rachel.wilson,2024-01-20 00:00:00,70,2
257,2,ana.lopez,2024-01-20 00:00:00,62,2
258,11,sam.miller,2024-01-20 00:00:00,49,2
259,2,lisa.chen,2024-01-20 00:00:00,300,2
260,6,jordan.davis,2024-01-20 00:00:00,253,2
261,11,ana.lopez,2024-01-20 00:00:00,286,2
262,1,mark.smith,2024-01-20 00:00:00,214,2
263,1,alex.brown,2024-01-20 00:00:00,287,2
264,4,jordan.davis,2024-01-20 00:00:00,163,2
265,1,rachel.wilson,2024-01-20 00:00:00,111,2
266,11,jordan.davis,2024-01-21 00:00:00,287,2
267,11,david.kumar,2024-01-21 00:00:00,151,2
268,9,jordan.davis,2024-01-21 00:00:00,250,2
269,8,alex.brown,2024-01-21 00:00:00,391,2
270,8,emma.jones,2024-01-21 00:00:00,322,2
271,6,emma.jones,2024-01-21 00:00:00,188,2
272,1,jordan.davis,2024-01-21 00:00:00,203,2
273,9,james.taylor,2024-01-21 00:00:00,206,2
274,7,mark.smith,2024-01-21 00:00:00,34,2
275,2,sam.miller,2024-01-21 00:00:00,78,2
276,3,lisa.chen,2024-01-21 00:00:00,341,2
277,2,james.taylor,2024-01-21 00:00:00,176,2
278,11,rachel.wilson,2024-01-21 00:00:00,311,2
279,1,sarah.johnson,2024-01-22 00:00:00,302,2
280,3,jordan.davis,2024-01-22 00:00:00,136,2
281,2,ana.lopez,2024-01-22 00:00:00,50,2
282,9,mark.smith,2024-01-22 00:00:00,227,2
283,6,alex.brown,2024-01-22 00:00:00,176,2
284,10,lisa.chen,2024-01-22 00:00:00,179,2
285,11,ana.lopez,2024-01-22 00:00:00,66,2
286,7,emma.jones,2024-01-22 00:00:00,252,2
287,11,james.taylor,2024-01-22 00:00:00,289,2
288,9,jordan.davis,2024-01-22 00:00:00,385,2
289,2,lisa.chen,2024-01-23 00:00:00,140,2
290,2,sarah.johnson,2024-01-23 00:00:00,326,2
291,10,sam.miller,2024-01-23 00:00:00,185,2
292,2,jordan.davis,2024-01-23 00:00:00,327,2
293,1,david.kumar,2024-01-23 00:00:00,35,2
294,6,david.kumar,2024-01-23 00:00:00,163,2
295,7,emma.jones,2024-01-23 00:00:00,127,2
296,10,ana.lopez,2024-01-23 00:00:00,95,2
297,9,sam.miller,2024-01-23 00:00:00,185,2
298,11,sarah.johnson,2024-01-23 00:00:00,375,2
299,10,sarah.johnson,2024-01-24 00:00:00,84,2
300,8,ana.lopez,2024-01-24 00:00:00,68,2
301,5,alex.brown,2024-01-24 00:00:00,355,2
302,7,rachel.wilson,2024-01-24 00:00:00,103,2
303,1,tom.garcia,2024-01-24 00:00:00,295,2
304,2,ana.lopez,2024-01-24 00:00:00,261,2
305,10,emma.jones,2024-01-24 00:00:00,400,2
306,4,mark.smith,2024-01-24 00:00:00,155,2
307,3,mark.smith,2024-01-24 00:00:00,120,2
308,4,james.taylor,2024-01-24 00:00:00,107,2
309,6,lisa.chen,2024-01-24 00:00:00,372,2
310,11,david.kumar,2024-01-24 00:00:00,47,2
311,11,mark.smith,2024-01-24 00:00:00,352,2
312,2,tom.garcia,2024-01-24 00:00:00,243,2
313,11,tom.garcia,2024-01-24 00:00:00,59,2
314,6,lisa.chen,2024-01-25 00:00:00,219,2
315,4,james.taylor,2024-01-25 00:00:00,182,2
316,3,sarah.johnson,2024-01-25 00:00:00,96,2
317,1,emma.jones,2024-01-25 00:00:00,322,2
318,2,mark.smith,2024-01-25 00:00:00,89,2
319,6,jordan.davis,2024-01-25 00:00:00,244,2
320,6,lisa.chen,2024-01-25 00:00:00,369,2
321,7,ana.lopez,2024-01-25 00:00:00,46,2
322,1,lisa.chen,2024-01-25 00:00:00,131,2
323,6,mark.smith,2024-01-25 00:00:00,229,2
324,4,sarah.johnson,2024-01-25 00:00:00,259,2
325,8,sarah.johnson,2024-01-25 00:00:00,46,2
326,2,emma.jones,2024-01-25 00:00:00,202,2
327,8,rachel.wilson,2024-01-25 00:00:00,391,2
328,6,ana.lopez,2024-01-26 00:00:00,191,2
329,4,alex.brown,2024-01-26 00:00:00,289,2
330,2,emma.jones,2024-01-26 00:00:00,173,2
331,3,sarah.johnson,2024-01-26 00:00:00,62,2
332,11,james.taylor,2024-01-26 00:00:00,41,2
333,7,lisa.chen,2024-01-26 00:00:00,89,2
334,5,james.taylor,2024-01-26 00:00:00,368,2
335,6,sarah.johnson,2024-01-26 00:00:00,374,2
336,11,sam.miller,2024-01-26 00:00:00,316,2
337,9,emma.jones,2024-01-26 00:00:00,381,2
338,3,alex.brown,2024-01-26 00:00:00,386,2
339,3,alex.brown,2024-01-26 00:00:00,319,2
340,11,jordan.davis,2024-01-26 00:00:00,193,2
341,10,tom.garcia,2024-01-26 00:00:00,65,2
342,1,ana.lopez,2024-01-26 00:00:00,397,2
343,1,jordan.davis,2024-01-27 00:00:00,333,2
344,8,tom.garcia,2024-01-27 00:00:00,327,2
345,7,ana.lopez,2024-01-27 00:00:00,172,2
346,6,james.taylor,2024-01-27 00:00:00,327,2
347,10,david.kumar,2024-01-27 00:00:00,282,2
348,1,david.kumar,2024-01-27 00:00:00,87,2
349,1,lisa.chen,2024-01-27 00:00:00,131,2
350,5,jordan.davis,2024-01-27 00:00:00,243,2
351,10,sarah.johnson,2024-01-27 00:00:00,225,2
352,8,james.taylor,2024-01-27 00:00:00,322,2
353,11,tom.garcia,2024-01-27 00:00:00,57,2
354,7,ana.lopez,2024-01-27 00:00:00,237,2
355,5,emma.jones,2024-01-28 00:00:00,241,2
356,6,david.kumar,2024-01-28 00:00:00,366,2
357,3,emma.jones,2024-01-28 00:00:00,255,2
358,1,rachel.wilson,2024-01-28 00:00:00,286,2
359,6,jordan.davis,2024-01-28 00:00:00,232,2
360,1,rachel.wilson,2024-01-28 00:00:00,302,2
361,8,ana.lopez,2024-01-28 00:00:00,90,2
362,9,sam.miller,2024-01-28 00:00:00,241,2
363,3,lisa.chen,2024-01-28 00:00:00,370,2
364,4,sarah.johnson,2024-01-28 00:00:00,395,2
365,2,alex.brown,2024-01-29 00:00:00,394,3
366,9,ana.lopez,2024-01-29 00:00:00,97,3
367,7,james.taylor,2024-01-29 00:00:00,233,3
368,15,david.kumar,2024-01-29 00:00:00,313,3
369,13,ana.lopez,2024-01-29 00:00:00,374,3
370,7,tom.garcia,2024-01-29 00:00:00,394,3
371,11,mark.smith,2024-01-29 00:00:00,203,3
372,14,sarah.johnson,2024-01-29 00:00:00,383,3
373,12,sam.miller,2024-01-29 00:00:00,201,3
374,2,lisa.chen,2024-01-29 00:00:00,82,3
375,17,sam.miller,2024-01-29 00:00:00,247,3
376,7,jordan.davis,2024-01-30 00:00:00,38,3
377,6,tom.garcia,2024-01-30 00:00:00,395,3
378,3,rachel.wilson,2024-01-30 00:00:00,136,3
379,11,emma.jones,2024-01-30 00:00:00,226,3
380,6,sarah.johnson,2024-01-30 00:00:00,308,3
381,1,lisa.chen,2024-01-30 00:00:00,250,3
382,17,alex.brown,2024-01-30 00:00:00,162,3
383,14,lisa.chen,2024-01-30 00:00:00,156,3
384,6,sam.miller,2024-01-30 00:00:00,53,3
385,5,sarah.johnson,2024-01-30 00:00:00,252,3
386,13,jordan.davis,2024-01-30 00:00:00,278,3
387,4,sarah.johnson,2024-01-31 00:00:00,220,3
388,16,emma.jones,2024-01-31 00:00:00,227,3
389,15,mark.smith,2024-01-31 00:00:00,352,3
390,17,rachel.wilson,2024-01-31 00:00:00,265,3
391,17,sarah.johnson,2024-01-31 00:00:00,182,3
392,13,mark.smith,2024-01-31 00:00:00,199,3
393,3,sarah.johnson,2024-01-31 00:00:00,238,3
394,5,lisa.chen,2024-01-31 00:00:00,306,3
395,7,jordan.davis,2024-01-31 00:00:00,141,3
396,17,lisa.chen,2024-01-31 00:00:00,354,3
397,16,james.taylor,2024-02-01 00:00:00,280,3
398,16,tom.garcia,2024-02-01 00:00:00,220,3
399,10,sam.miller,2024-02-01 00:00:00,302,3
400,14,lisa.chen,2024-02-01 00:00:00,63,3
401,17,mark.smith,2024-02-01 00:00:00,194,3
402,17,james.taylor,2024-02-01 00:00:00,65,3
403,3,rachel.wilson,2024-02-01 00:00:00,232,3
404,11,ana.lopez,2024-02-01 00:00:00,305,3
405,17,david.kumar,2024-02-01 00:00:00,323,3
406,3,lisa.chen,2024-02-01 00:00:00,389,3
407,16,sarah.johnson,2024-02-01 00:00:00,362,3
408,16,tom.garcia,2024-02-01 00:00:00,39,3
409,15,tom.garcia,2024-02-01 00:00:00,380,3
410,9,alex.brown,2024-02-01 00:00:00,348,3
411,11,mark.smith,2024-02-01 00:00:00,116,3
412,3,ana.lopez,2024-02-02 00:00:00,215,3
413,4,rachel.wilson,2024-02-02 00:00:00,243,3
414,15,alex.brown,2024-02-02 00:00:00,337,3
415,2,emma.jones,2024-02-02 00:00:00,236,3
416,10,sam.miller,2024-02-02 00:00:00,239,3
417,14,sam.miller,2024-02-02 00:00:00,323,3
418,16,alex.brown,2024-02-02 00:00:00,47,3
419,4,alex.brown,2024-02-02 00:00:00,262,3
420,11,james.taylor,2024-02-02 00:00:00,364,3
421,7,ana.lopez,2024-02-02 00:00:00,310,3
422,1,sam.miller,2024-02-02 00:00:00,111,3
423,2,sarah.johnson,2024-02-02 00:00:00,312,3
424,17,mark.smith,2024-02-03 00:00:00,188,3
425,11,tom.garcia,2024-02-03 00:00:00,151,3
426,15,james.taylor,2024-02-03 00:00:00,116,3
427,13,rachel.wilson,2024-02-03 00:00:00,60,3
428,14,emma.jones,2024-02-03 00:00:00,227,3
429,7,ana.lopez,2024-02-03 00:00:00,233,3
430,7,emma.jones,2024-02-03 00:00:00,342,3
431,2,rachel.wilson,2024-02-03 00:00:00,366,3
432,10,ana.lopez,2024-02-03 00:00:00,283,3
433,13,ana.lopez,2024-02-03 00:00:00,92,3
434,9,james.taylor,2024-02-03 00:00:00,93,3
435,4,mark.smith,2024-02-03 00:00:00,371,3
436,5,david.kumar,2024-02-04 00:00:00,240,3
437,12,rachel.wilson,2024-02-04 00:00:00,62,3
438,8,rachel.wilson,2024-02-04 00:00:00,168,3
439,5,emma.jones,2024-02-04 00:00:00,139,3
440,3,alex.brown,2024-02-04 00:00:00,325,3
441,2,sam.miller,2024-02-04 00:00:00,75,3
442,5,mark.smith,2024-02-04 00:00:00,305,3
443,6,mark.smith,2024-02-04 00:00:00,129,3
444,12,mark.smith,2024-02-04 00:00:00,271,3
445,9,david.kumar,2024-02-04 00:00:00,30,3
446,7,david.kumar,2024-02-04 00:00:00,43,3
447,13,emma.jones,2024-02-04 00:00:00,309,3
448,4,emma.jones,2024-02-04 00:00:00,221,3
449,9,tom.garcia,2024-02-04 00:00:00,75,3
450,4,david.kumar,2024-02-05 00:00:00,353,3
451,15,emma.jones,2024-02-05 00:00:00,262,3
452,9,lisa.chen,2024-02-05 00:00:00,294,3
453,14,ana.lopez,2024-02-05 00:00:00,181,3
454,10,james.taylor,2024-02-05 00:00:00,326,3
455,14,mark.smith,2024-02-05 00:00:00,136,3
456,12,sam.miller,2024-02-05 00:00:00,232,3
457,16,mark.smith,2024-02-05 00:00:00,213,3
458,7,sam.miller,2024-02-05 00:00:00,373,3
459,3,rachel.wilson,2024-02-05 00:00:00,400,3
460,7,mark.smith,2024-02-05 00:00:00,86,3
461,13,sam.miller,2024-02-05 00:00:00,346,3
462,10,mark.smith,2024-02-05 00:00:00,282,3
463,13,rachel.wilson,2024-02-05 00:00:00,39,3
464,15,tom.garcia,2024-02-06 00:00:00,69,3
465,10,sam.miller,2024-02-06 00:00:00,35,3
466,17,rachel.wilson,2024-02-06 00:00:00,34,3
467,1,sam.miller,2024-02-06 00:00:00,396,3
468,11,sarah.johnson,2024-02-06 00:00:00,49,3
469,15,emma.jones,2024-02-06 00:00:00,105,3
470,4,sarah.johnson,2024-02-06 00:00:00,164,3
471,12,alex.brown,2024-02-06 00:00:00,124,3
472,14,lisa.chen,2024-02-06 00:00:00,124,3
473,6,jordan.davis,2024-02-06 00:00:00,225,3
474,9,alex.brown,2024-02-06 00:00:00,31,3
475,6,sam.miller,2024-02-06 00:00:00,282,3
476,17,rachel.wilson,2024-02-06 00:00:00,243,3
477,8,alex.brown,2024-02-07 00:00:00,318,3
478,5,lisa.chen,2024-02-07 00:00:00,375,3
479,14,david.kumar,2024-02-07 00:00:00,246,3
480,8,alex.brown,2024-02-07 00:00:00,340,3
481,3,jordan.davis,2024-02-07 00:00:00,267,3
482,9,lisa.chen,2024-02-07 00:00:00,32,3
483,9,tom.garcia,2024-02-07 00:00:00,318,3
484,13,lisa.chen,2024-02-07 00:00:00,93,3
485,2,tom.garcia,2024-02-07 00:00:00,340,3
486,16,david.kumar,2024-02-07 00:00:00,110,3
487,7,tom.garcia,2024-02-07 00:00:00,48,3
488,17,sam.miller,2024-02-07 00:00:00,330,3
489,17,alex.brown,2024-02-08 00:00:00,90,3
490,2,mark.smith,2024-02-08 00:00:00,37,3
491,2,jordan.davis,2024-02-08 00:00:00,121,3
492,1,sarah.johnson,2024-02-08 00:00:00,385,3
493,17,jordan.davis,2024-02-08 00:00:00,389,3
494,7,emma.jones,2024-02-08 00:00:00,388,3
495,6,mark.smith,2024-02-08 00:00:00,60,3
496,3,tom.garcia,2024-02-08 00:00:00,144,3
497,8,rachel.wilson,2024-02-08 00:00:00,119,3
498,5,tom.garcia,2024-02-08 00:00:00,173,3
499,6,lisa.chen,2024-02-09 00:00:00,112,3
500,12,ana.lopez,2024-02-09 00:00:00,314,3
501,6,mark.smith,2024-02-09 00:00:00,275,3
502,15,tom.garcia,2024-02-09 00:00:00,205,3
503,17,james.taylor,2024-02-09 00:00:00,153,3
504,9,lisa.chen,2024-02-09 00:00:00,101,3
505,9,sarah.johnson,2024-02-09 00:00:00,223,3
506,17,emma.jones,2024-02-09 00:00:00,269,3
507,16,emma.jones,2024-02-09 00:00:00,375,3
508,15,tom.garcia,2024-02-09 00:00:00,272,3
509,5,jordan.davis,2024-02-09 00:00:00,110,3
510,1,emma.jones,2024-02-09 00:00:00,200,3
511,10,jordan.davis,2024-02-09 00:00:00,218,3
512,5,emma.jones,2024-02-10 00:00:00,68,3
513,4,rachel.wilson,2024-02-10 00:00:00,146,3
514,1,rachel.wilson,2024-02-10 00:00:00,252,3
515,7,emma.jones,2024-02-10 00:00:00,265,3
516,17,alex.brown,2024-02-10 00:00:00,140,3
517,13,ana.lopez,2024-02-10 00:00:00,261,3
518,9,ana.lopez,2024-02-10 00:00:00,267,3
519,12,jordan.davis,2024-02-10 00:00:00,290,3
520,14,david.kumar,2024-02-10 00:00:00,238,3
521,6,emma.jones,2024-02-10 00:00:00,168,3
522,15,james.taylor,2024-02-10 00:00:00,124,3
523,2,james.taylor,2024-02-10 00:00:00,69,3
524,8,emma.jones,2024-02-11 00:00:00,400,3
525,17,sam.miller,2024-02-11 00:00:00,232,3
526,11,alex.brown,2024-02-11 00:00:00,299,3
527,8,mark.smith,2024-02-11 00:00:00,266,3
528,16,rachel.wilson,2024-02-11 00:00:00,89,3
529,14,james.taylor,2024-02-11 00:00:00,206,3
530,3,james.taylor,2024-02-11 00:00:00,327,3
531,16,lisa.chen,2024-02-11 00:00:00,119,3
532,11,sam.miller,2024-02-11 00:00:00,387,3
533,5,sam.miller,2024-02-11 00:00:00,138,3
534,3,sarah.johnson,2024-02-11 00:00:00,215,3
535,8,lisa.chen,2024-02-11 00:00:00,46,3
536,15,emma.jones,2024-02-12 00:00:00,244,4
537,18,tom.garcia,2024-02-12 00:00:00,337,4
538,18,rachel.wilson,2024-02-12 00:00:00,123,4
539,1,jordan.davis,2024-02-12 00:00:00,279,4
540,6,rachel.wilson,2024-02-12 00:00:00,114,4
541,19,emma.jones,2024-02-12 00:00:00,236,4
542,20,sam.miller,2024-02-12 00:00:00,150,4
543,16,jordan.davis,2024-02-12 00:00:00,215,4
544,13,ana.lopez,2024-02-12 00:00:00,344,4
545,6,mark.smith,2024-02-12 00:00:00,275,4
546,4,lisa.chen,2024-02-12 00:00:00,283,4
547,9,james.taylor,2024-02-12 00:00:00,381,4
548,9,emma.jones,2024-02-12 00:00:00,186,4
549,19,alex.brown,2024-02-13 00:00:00,34,4
550,20,sam.miller,2024-02-13 00:00:00,229,4
551,8,alex.brown,2024-02-13 00:00:00,135,4
552,15,rachel.wilson,2024-02-13 00:00:00,350,4
553,17,tom.garcia,2024-02-13 00:00:00,117,4
554,1,rachel.wilson,2024-02-13 00:00:00,128,4
555,16,sam.miller,2024-02-13 00:00:00,345,4
556,4,sarah.johnson,2024-02-13 00:00:00,343,4
557,13,mark.smith,2024-02-13 00:00:00,72,4
558,22,ana.lopez,2024-02-13 00:00:00,366,4
559,12,alex.brown,2024-02-13 00:00:00,208,4
560,20,ana.lopez,2024-02-13 00:00:00,31,4
561,22,lisa.chen,2024-02-13 00:00:00,162,4
562,5,mark.smith,2024-02-14 00:00:00,145,4
563,9,mark.smith,2024-02-14 00:00:00,399,4
564,6,mark.smith,2024-02-14 00:00:00,130,4
565,11,david.kumar,2024-02-14 00:00:00,137,4
566,16,sam.miller,2024-02-14 00:00:00,172,4
567,15,emma.jones,2024-02-14 00:00:00,212,4
568,3,mark.smith,2024-02-14 00:00:00,219,4
569,14,emma.jones,2024-02-14 00:00:00,102,4
570,19,jordan.davis,2024-02-14 00:00:00,208,4
571,22,lisa.chen,2024-02-15 00:00:00,58,4
572,1,rachel.wilson,2024-02-15 00:00:00,389,4
573,1,lisa.chen,2024-02-15 00:00:00,289,4
574,14,emma.jones,2024-02-15 00:00:00,117,4
575,2,sarah.johnson,2024-02-15 00:00:00,297,4
576,2,david.kumar,2024-02-15 00:00:00,196,4
577,19,james.taylor,2024-02-15 00:00:00,47,4
578,12,jordan.davis,2024-02-15 00:00:00,176,4
579,11,sarah.johnson,2024-02-15 00:00:00,240,4
580,13,ana.lopez,2024-02-15 00:00:00,288,4
581,10,sam.miller,2024-02-15 00:00:00,54,4
582,16,david.kumar,2024-02-15 00:00:00,237,4
583,15,sam.miller,2024-02-15 00:00:00,313,4
584,2,sarah.johnson,2024-02-15 00:00:00,302,4
585,1,sam.miller,2024-02-16 00:00:00,315,4
586,19,sarah.johnson,2024-02-16 00:00:00,366,4
587,8,alex.brown,2024-02-16 00:00:00,191,4
588,16,david.kumar,2024-02-16 00:00:00,119,4
589,9,ana.lopez,2024-02-16 00:00:00,149,4
590,12,lisa.chen,2024-02-16 00:00:00,152,4
591,13,sarah.johnson,2024-02-16 00:00:00,248,4
592,20,tom.garcia,2024-02-16 00:00:00,102,4
593,13,mark.smith,2024-02-16 00:00:00,74,4
594,6,david.kumar,2024-02-16 00:00:00,323,4
595,17,david.kumar,2024-02-16 00:00:00,292,4
596,12,tom.garcia,2024-02-16 00:00:00,326,4
597,1,mark.smith,2024-02-17 00:00:00,366,4
598,16,jordan.davis,2024-02-17 00:00:00,387,4
599,5,sam.miller,2024-02-17 00:00:00,341,4
600,1,sarah.johnson,2024-02-17 00:00:00,311,4
601,5,alex.brown,2024-02-17 00:00:00,195,4
602,21,alex.brown,2024-02-17 00:00:00,319,4
603,20,alex.brown,2024-02-17 00:00:00,361,4
604,10,mark.smith,2024-02-17 00:00:00,225,4
605,18,sarah.johnson,2024-02-17 00:00:00,369,4
606,21,ana.lopez,2024-02-17 00:00:00,169,4
607,17,ana.lopez,2024-02-17 00:00:00,131,4
608,14,mark.smith,2024-02-17 00:00:00,317,4
609,3,alex.brown,2024-02-17 00:00:00,71,4
610,4,alex.brown,2024-02-17 00:00:00,83,4
611,14,lisa.chen,2024-02-18 00:00:00,274,4
612,3,lisa.chen,2024-02-18 00:00:00,359,4
613,20,james.taylor,2024-02-18 00:00:00,148,4
614,8,james.taylor,2024-02-18 00:00:00,229,4
615,12,alex.brown,2024-02-18 00:00:00,59,4
616,8,mark.smith,2024-02-18 00:00:00,347,4
617,5,sarah.johnson,2024-02-18 00:00:00,373,4
618,5,mark.smith,2024-02-18 00:00:00,83,4
619,13,emma.jones,2024-02-18 00:00:00,198,4
620,19,lisa.chen,2024-02-18 00:00:00,98,4
621,16,david.kumar,2024-02-18 00:00:00,386,4
622,9,david.kumar,2024-02-18 00:00:00,98,4
623,9,sam.miller,2024-02-19 00:00:00,104,4
624,19,david.kumar,2024-02-19 00:00:00,396,4
625,6,james.taylor,2024-02-19 00:00:00,366,4
626,17,ana.lopez,2024-02-19 00:00:00,145,4
627,19,alex.brown,2024-02-19 00:00:00,117,4
628,7,alex.brown,2024-02-19 00:00:00,358,4
629,9,sarah.johnson,2024-02-19 00:00:00,84,4
630,19,alex.brown,2024-02-19 00:00:00,398,4
631,3,alex.brown,2024-02-19 00:00:00,296,4
632,19,sarah.johnson,2024-02-19 00:00:00,104,4
633,14,rachel.wilson,2024-02-19 00:00:00,362,4
634,21,rachel.wilson,2024-02-19 00:00:00,136,4
635,8,mark.smith,2024-02-19 00:00:00,330,4
636,9,james.taylor,2024-02-20 00:00:00,114,4
637,11,sarah.johnson,2024-02-20 00:00:00,395,4
638,11,emma.jones,2024-02-20 00:00:00,74,4
639,15,mark.smith,2024-02-20 00:00:00,125,4
640,1,james.taylor,2024-02-20 00:00:00,365,4
641,8,james.taylor,2024-02-20 00:00:00,267,4
642,8,lisa.chen,2024-02-20 00:00:00,175,4
643,1,rachel.wilson,2024-02-20 00:00:00,49,4
644,15,tom.garcia,2024-02-20 00:00:00,171,4
645,20,lisa.chen,2024-02-20 00:00:00,214,4
646,21,sarah.johnson,2024-02-21 00:00:00,335,4
647,1,alex.brown,2024-02-21 00:00:00,44,4
648,16,sarah.johnson,2024-02-21 00:00:00,286,4
649,11,tom.garcia,2024-02-21 00:00:00,152,4
650,20,lisa.chen,2024-02-21 00:00:00,389,4
651,5,jordan.davis,2024-02-21 00:00:00,119,4
652,15,sam.miller,2024-02-21 00:00:00,323,4
653,13,james.taylor,2024-02-21 00:00:00,200,4
654,6,ana.lopez,2024-02-21 00:00:00,393,4
655,17,mark.smith,2024-02-21 00:00:00,216,4
656,12,david.kumar,2024-02-21 00:00:00,200,4
657,4,emma.jones,2024-02-22 00:00:00,398,4
658,8,emma.jones,2024-02-22 00:00:00,148,4
659,1,lisa.chen,2024-02-22 00:00:00,250,4
660,1,sam.miller,2024-02-22 00:00:00,107,4
661,21,ana.lopez,2024-02-22 00:00:00,378,4
662,8,mark.smith,2024-02-22 00:00:00,290,4
663,16,ana.lopez,2024-02-22 00:00:00,356,4
664,7,lisa.chen,2024-02-22 00:00:00,275,4
665,3,mark.smith,2024-02-22 00:00:00,367,4
666,1,ana.lopez,2024-02-22 00:00:00,193,4
667,3,james.taylor,2024-02-23 00:00:00,133,4
668,18,alex.brown,2024-02-23 00:00:00,229,4
669,19,sam.miller,2024-02-23 00:00:00,184,4
670,13,emma.jones,2024-02-23 00:00:00,163,4
671,6,james.taylor,2024-02-23 00:00:00,258,4
672,14,sarah.johnson,2024-02-23 00:00:00,290,4
673,11,james.taylor,2024-02-23 00:00:00,135,4
674,16,james.taylor,2024-02-23 00:00:00,210,4
675,22,rachel.wilson,2024-02-23 00:00:00,191,4
676,10,lisa.chen,2024-02-23 00:00:00,95,4
677,1,david.kumar,2024-02-23 00:00:00,260,4
678,2,emma.jones,2024-02-23 00:00:00,326,4
679,21,david.kumar,2024-02-24 00:00:00,193,4
680,7,ana.lopez,2024-02-24 00:00:00,308,4
681,10,lisa.chen,2024-02-24 00:00:00,73,4
682,6,tom.garcia,2024-02-24 00:00:00,118,4
683,14,tom.garcia,2024-02-24 00:00:00,286,4
684,1,james.taylor,2024-02-24 00:00:00,352,4
685,13,david.kumar,2024-02-24 00:00:00,193,4
686,22,lisa.chen,2024-02-24 00:00:00,324,4
687,19,emma.jones,2024-02-25 00:00:00,228,4
688,10,emma.jones,2024-02-25 00:00:00,146,4
689,20,david.kumar,2024-02-25 00:00:00,381,4
690,17,emma.jones,2024-02-25 00:00:00,395,4
691,12,lisa.chen,2024-02-25 00:00:00,217,4
692,22,rachel.wilson,2024-02-25 00:00:00,104,4
693,20,mark.smith,2024-02-25 00:00:00,282,4
694,13,lisa.chen,2024-02-25 00:00:00,95,4
695,17,sam.miller,2024-02-25 00:00:00,101,4
696,14,mark.smith,2024-02-25 00:00:00,153,4
697,3,tom.garcia,2024-02-26 00:00:00,345,5
698,13,lisa.chen,2024-02-26 00:00:00,240,5
699,3,tom.garcia,2024-02-26 00:00:00,320,5
700,17,emma.jones,2024-02-26 00:00:00,376,5
701,22,ana.lopez,2024-02-26 00:00:00,170,5
702,15,alex.brown,2024-02-26 00:00:00,146,5
703,16,sarah.johnson,2024-02-26 00:00:00,116,5
704,8,rachel.wilson,2024-02-26 00:00:00,326,5
705,15,rachel.wilson,2024-02-26 00:00:00,208,5
706,10,sam.miller,2024-02-26 00:00:00,61,5
707,8,david.kumar,2024-02-26 00:00:00,394,5
708,16,james.taylor,2024-02-27 00:00:00,117,5
709,1,ana.lopez,2024-02-27 00:00:00,293,5
710,3,ana.lopez,2024-02-27 00:00:00,181,5
711,24,sarah.johnson,2024-02-27 00:00:00,252,5
712,4,ana.lopez,2024-02-27 00:00:00,240,5
713,24,sarah.johnson,2024-02-27 00:00:00,183,5
714,14,sarah.johnson,2024-02-27 00:00:00,72,5
715,24,alex.brown,2024-02-27 00:00:00,119,5
716,23,sam.miller,2024-02-27 00:00:00,139,5
717,13,ana.lopez,2024-02-28 00:00:00,185,5
718,11,james.taylor,2024-02-28 00:00:00,215,5
719,16,jordan.davis,2024-02-28 00:00:00,378,5
720,12,tom.garcia,2024-02-28 00:00:00,131,5
721,11,sarah.johnson,2024-02-28 00:00:00,391,5
722,1,david.kumar,2024-02-28 00:00:00,356,5
723,21,david.kumar,2024-02-28 00:00:00,118,5
724,16,ana.lopez,2024-02-28 00:00:00,253,5
725,8,david.kumar,2024-02-28 00:00:00,171,5
726,5,sarah.johnson,2024-02-28 00:00:00,309,5
727,7,mark.smith,2024-02-28 00:00:00,396,5
728,23,david.kumar,2024-02-28 00:00:00,138,5
729,11,james.taylor,2024-02-29 00:00:00,388,5
730,15,sarah.johnson,2024-02-29 00:00:00,228,5
731,16,rachel.wilson,2024-02-29 00:00:00,284,5
732,24,sarah.johnson,2024-02-29 00:00:00,359,5
733,22,sarah.johnson,2024-02-29 00:00:00,210,5
734,18,rachel.wilson,2024-02-29 00:00:00,271,5
735,7,jordan.davis,2024-02-29 00:00:00,386,5
736,3,lisa.chen,2024-02-29 00:00:00,146,5
737,5,jordan.davis,2024-02-29 00:00:00,278,5
738,19,james.taylor,2024-02-29 00:00:00,352,5
739,16,lisa.chen,2024-02-29 00:00:00,375,5
740,5,emma.jones,2024-03-01 00:00:00,349,5
741,21,david.kumar,2024-03-01 00:00:00,247,5
742,22,sam.miller,2024-03-01 00:00:00,306,5
743,10,alex.brown,2024-03-01 00:00:00,250,5
744,10,tom.garcia,2024-03-01 00:00:00,43,5
745,11,sam.miller,2024-03-01 00:00:00,314,5
746,11,rachel.wilson,2024-03-01 00:00:00,161,5
747,17,jordan.davis,2024-03-01 00:00:00,321,5
748,10,sarah.johnson,2024-03-01 00:00:00,263,5
749,13,david.kumar,2024-03-01 00:00:00,373,5
750,14,emma.jones,2024-03-01 00:00:00,206,5
751,20,alex.brown,2024-03-01 00:00:00,111,5
752,24,rachel.wilson,2024-03-01 00:00:00,113,5
753,18,rachel.wilson,2024-03-02 00:00:00,164,5
754,1,tom.garcia,2024-03-02 00:00:00,390,5
755,3,lisa.chen,2024-03-02 00:00:00,82,5
756,19,sam.miller,2024-03-02 00:00:00,110,5
757,23,lisa.chen,2024-03-02 00:00:00,200,5
758,1,sam.miller,2024-03-02 00:00:00,255,5
759,17,lisa.chen,2024-03-02 00:00:00,279,5
760,2,james.taylor,2024-03-02 00:00:00,210,5
761,10,sarah.johnson,2024-03-02 00:00:00,162,5
762,22,mark.smith,2024-03-02 00:00:00,269,5
763,5,tom.garcia,2024-03-02 00:00:00,211,5
764,12,emma.jones,2024-03-03 00:00:00,357,5
765,18,sarah.johnson,2024-03-03 00:00:00,164,5
766,6,ana.lopez,2024-03-03 00:00:00,345,5
767,6,james.taylor,2024-03-03 00:00:00,247,5
768,20,sam.miller,2024-03-03 00:00:00,117,5
769,12,alex.brown,2024-03-03 00:00:00,266,5
770,20,david.kumar,2024-03-03 00:00:00,294,5
771,13,jordan.davis,2024-03-04 00:00:00,303,5
772,23,sam.miller,2024-03-04 00:00:00,252,5
773,21,rachel.wilson,2024-03-04 00:00:00,382,5
774,1,mark.smith,2024-03-04 00:00:00,202,5
775,8,mark.smith,2024-03-04 00:00:00,103,5
776,15,rachel.wilson,2024-03-04 00:00:00,40,5
777,6,emma.jones,2024-03-04 00:00:00,114,5
778,21,lisa.chen,2024-03-04 00:00:00,148,5
779,17,jordan.davis,2024-03-05 00:00:00,183,5
780,12,emma.jones,2024-03-05 00:00:00,161,5
781,21,rachel.wilson,2024-03-05 00:00:00,139,5
782,17,rachel.wilson,2024-03-05 00:00:00,222,5
783,19,jordan.davis,2024-03-05 00:00:00,212,5
784,11,ana.lopez,2024-03-05 00:00:00,85,5
785,14,ana.lopez,2024-03-05 00:00:00,212,5
786,3,alex.brown,2024-03-05 00:00:00,156,5
787,9,sam.miller,2024-03-05 00:00:00,342,5
788,16,ana.lopez,2024-03-05 00:00:00,266,5
789,15,tom.garcia,2024-03-06 00:00:00,366,5
790,22,jordan.davis,2024-03-06 00:00:00,93,5
791,20,jordan.davis,2024-03-06 00:00:00,205,5
792,23,mark.smith,2024-03-06 00:00:00,233,5
793,1,rachel.wilson,2024-03-06 00:00:00,228,5
794,7,ana.lopez,2024-03-06 00:00:00,139,5
795,20,rachel.wilson,2024-03-06 00:00:00,187,5
796,2,mark.smith,2024-03-06 00:00:00,245,5
797,18,jordan.davis,2024-03-06 00:00:00,49,5
798,5,james.taylor,2024-03-06 00:00:00,303,5
799,17,emma.jones,2024-03-06 00:00:00,50,5
800,12,tom.garcia,2024-03-06 00:00:00,144,5
801,21,james.taylor,2024-03-07 00:00:00,208,5
802,11,lisa.chen,2024-03-07 00:00:00,82,5
803,10,sam.miller,2024-03-07 00:00:00,294,5
804,16,lisa.chen,2024-03-07 00:00:00,134,5
805,23,alex.brown,2024-03-07 00:00:00,225,5
806,18,james.taylor,2024-03-07 00:00:00,394,5
807,20,emma.jones,2024-03-07 00:00:00,186,5
808,17,jordan.davis,2024-03-07 00:00:00,226,5
809,2,rachel.wilson,2024-03-07 00:00:00,71,5
810,24,rachel.wilson,2024-03-07 00:00:00,373,5
811,14,jordan.davis,2024-03-07 00:00:00,161,5
812,1,sam.miller,2024-03-07 00:00:00,321,5
813,6,jordan.davis,2024-03-07 00:00:00,112,5
814,4,lisa.chen,2024-03-08 00:00:00,64,5
815,18,emma.jones,2024-03-08 00:00:00,205,5
816,11,james.taylor,2024-03-08 00:00:00,38,5
817,14,lisa.chen,2024-03-08 00:00:00,355,5
818,15,emma.jones,2024-03-08 00:00:00,167,5
819,16,david.kumar,2024-03-08 00:00:00,259,5
820,7,ana.lopez,2024-03-08 00:00:00,268,5
821,2,sam.miller,2024-03-08 00:00:00,174,5
822,18,james.taylor,2024-03-08 00:00:00,39,5
823,24,ana.lopez,2024-03-08 00:00:00,353,5
824,22,alex.brown,2024-03-08 00:00:00,131,5
825,21,james.taylor,2024-03-09 00:00:00,118,5
826,22,jordan.davis,2024-03-09 00:00:00,141,5
827,2,mark.smith,2024-03-09 00:00:00,46,5
828,21,emma.jones,2024-03-09 00:00:00,246,5
829,13,tom.garcia,2024-03-09 00:00:00,312,5
830,20,alex.brown,2024-03-09 00:00:00,89,5
831,10,mark.smith,2024-03-09 00:00:00,256,5
832,22,david.kumar,2024-03-10 00:00:00,125,5
833,6,david.kumar,2024-03-10 00:00:00,55,5
834,22,lisa.chen,2024-03-10 00:00:00,240,5
835,4,sam.miller,2024-03-10 00:00:00,270,5
836,9,sarah.johnson,2024-03-10 00:00:00,56,5
837,6,james.taylor,2024-03-10 00:00:00,85,5
838,9,sam.miller,2024-03-10 00:00:00,108,5
839,18,david.kumar,2024-03-10 00:00:00,342,5
840,5,sam.miller,2024-03-10 00:00:00,208,5
841,9,james.taylor,2024-03-10 00:00:00,315,5
842,20,lisa.chen,2024-03-10 00:00:00,268,5
843,10,james.taylor,2024-03-10 00:00:00,235,5
844,4,alex.brown,2024-03-10 00:00:00,243,5
845,14,alex.brown,2024-03-11 00:00:00,248,6
846,25,david.kumar,2024-03-11 00:00:00,336,6
847,11,tom.garcia,2024-03-11 00:00:00,103,6
848,23,alex.brown,2024-03-11 00:00:00,34,6
849,11,sarah.johnson,2024-03-11 00:00:00,327,6
850,11,david.kumar,2024-03-11 00:00:00,229,6
851,25,tom.garcia,2024-03-11 00:00:00,46,6
852,12,ana.lopez,2024-03-12 00:00:00,239,6
853,13,david.kumar,2024-03-12 00:00:00,227,6
854,28,sam.miller,2024-03-12 00:00:00,387,6
855,24,rachel.wilson,2024-03-12 00:00:00,103,6
856,21,ana.lopez,2024-03-12 00:00:00,272,6
857,2,rachel.wilson,2024-03-12 00:00:00,336,6
858,15,sam.miller,2024-03-12 00:00:00,396,6
859,27,david.kumar,2024-03-12 00:00:00,187,6
860,25,emma.jones,2024-03-12 00:00:00,363,6
861,26,mark.smith,2024-03-12 00:00:00,70,6
862,6,rachel.wilson,2024-03-13 00:00:00,237,6
863,21,lisa.chen,2024-03-13 00:00:00,225,6
864,8,jordan.davis,2024-03-13 00:00:00,70,6
865,5,david.kumar,2024-03-13 00:00:00,119,6
866,18,david.kumar,2024-03-13 00:00:00,200,6
867,19,alex.brown,2024-03-13 00:00:00,250,6
868,12,sam.miller,2024-03-13 00:00:00,220,6
869,6,david.kumar,2024-03-13 00:00:00,398,6
870,19,emma.jones,2024-03-13 00:00:00,266,6
871,17,tom.garcia,2024-03-13 00:00:00,281,6
872,26,tom.garcia,2024-03-14 00:00:00,239,6
873,28,david.kumar,2024-03-14 00:00:00,64,6
874,2,james.taylor,2024-03-14 00:00:00,250,6
875,20,ana.lopez,2024-03-14 00:00:00,189,6
876,21,alex.brown,2024-03-14 00:00:00,97,6
877,21,rachel.wilson,2024-03-14 00:00:00,304,6
878,15,ana.lopez,2024-03-15 00:00:00,310,6
879,18,tom.garcia,2024-03-15 00:00:00,302,6
880,12,mark.smith,2024-03-15 00:00:00,33,6
881,20,jordan.davis,2024-03-15 00:00:00,57,6
882,12,mark.smith,2024-03-15 00:00:00,395,6
883,3,sam.miller,2024-03-15 00:00:00,94,6
884,1,tom.garcia,2024-03-15 00:00:00,134,6
885,27,james.taylor,2024-03-15 00:00:00,190,6
886,21,sarah.johnson,2024-03-15 00:00:00,63,6
887,4,jordan.davis,2024-03-15 00:00:00,339,6
888,13,mark.smith,2024-03-15 00:00:00,369,6
889,8,ana.lopez,2024-03-16 00:00:00,341,6
890,5,lisa.chen,2024-03-16 00:00:00,254,6
891,29,tom.garcia,2024-03-16 00:00:00,65,6
892,7,james.taylor,2024-03-16 00:00:00,207,6
893,4,tom.garcia,2024-03-16 00:00:00,294,6
894,15,jordan.davis,2024-03-16 00:00:00,122,6
895,5,rachel.wilson,2024-03-16 00:00:00,106,6
896,14,rachel.wilson,2024-03-16 00:00:00,380,6
897,27,sarah.johnson,2024-03-16 00:00:00,189,6
898,20,james.taylor,2024-03-16 00:00:00,265,6
899,30,jordan.davis,2024-03-17 00:00:00,327,6
900,22,ana.lopez,2024-03-17 00:00:00,391,6
901,13,tom.garcia,2024-03-17 00:00:00,79,6
902,18,rachel.wilson,2024-03-17 00:00:00,139,6
903,6,ana.lopez,2024-03-17 00:00:00,213,6
904,22,mark.smith,2024-03-17 00:00:00,109,6
905,15,jordan.davis,2024-03-17 00:00:00,110,6
906,1,david.kumar,2024-03-17 00:00:00,278,6
907,9,james.taylor,2024-03-17 00:00:00,233,6
908,15,sam.miller,2024-03-17 00:00:00,392,6
909,18,ana.lopez,2024-03-17 00:00:00,36,6
910,3,alex.brown,2024-03-17 00:00:00,147,6
911,12,mark.smith,2024-03-18 00:00:00,281,6
912,29,tom.garcia,2024-03-18 00:00:00,88,6
913,27,ana.lopez,2024-03-18 00:00:00,399,6
914,6,ana.lopez,2024-03-18 00:00:00,82,6
915,3,ana.lopez,2024-03-18 00:00:00,225,6
916,9,alex.brown,2024-03-18 00:00:00,174,6
917,7,mark.smith,2024-03-18 00:00:00,292,6
918,25,mark.smith,2024-03-18 00:00:00,52,6
919,13,emma.jones,2024-03-19 00:00:00,105,6
920,22,sarah.johnson,2024-03-19 00:00:00,145,6
921,2,sarah.johnson,2024-03-19 00:00:00,184,6
922,26,sam.miller,2024-03-19 00:00:00,222,6
923,29,lisa.chen,2024-03-19 00:00:00,121,6
924,14,jordan.davis,2024-03-19 00:00:00,50,6
925,27,alex.brown,2024-03-19 00:00:00,253,6
926,18,lisa.chen,2024-03-19 00:00:00,267,6
927,7,mark.smith,2024-03-20 00:00:00,168,6
928,20,emma.jones,2024-03-20 00:00:00,47,6
929,15,david.kumar,2024-03-20 00:00:00,97,6
930,4,lisa.chen,2024-03-20 00:00:00,326,6
931,5,sarah.johnson,2024-03-20 00:00:00,199,6
932,9,emma.jones,2024-03-20 00:00:00,211,6
933,26,sarah.johnson,2024-03-21 00:00:00,385,6
934,30,rachel.wilson,2024-03-21 00:00:00,52,6
935,1,jordan.davis,2024-03-21 00:00:00,225,6
936,20,sarah.johnson,2024-03-21 00:00:00,113,6
937,11,ana.lopez,2024-03-21 00:00:00,153,6
938,20,mark.smith,2024-03-21 00:00:00,398,6
939,9,tom.garcia,2024-03-21 00:00:00,139,6
940,7,ana.lopez,2024-03-22 00:00:00,176,6
941,17,james.taylor,2024-03-22 00:00:00,355,6
942,7,james.taylor,2024-03-22 00:00:00,299,6
943,12,sarah.johnson,2024-03-22 00:00:00,65,6
944,18,alex.brown,2024-03-22 00:00:00,256,6
945,11,tom.garcia,2024-03-22 00:00:00,146,6
946,28,james.taylor,2024-03-22 00:00:00,130,6
947,27,david.kumar,2024-03-22 00:00:00,358,6
948,26,james.taylor,2024-03-22 00:00:00,160,6
949,24,ana.lopez,2024-03-22 00:00:00,343,6
950,1,mark.smith,2024-03-23 00:00:00,362,6
951,30,jordan.davis,2024-03-23 00:00:00,117,6
952,24,james.taylor,2024-03-23 00:00:00,347,6
953,21,lisa.chen,2024-03-23 00:00:00,358,6
954,30,ana.lopez,2024-03-23 00:00:00,217,6
955,10,david.kumar,2024-03-23 00:00:00,169,6
956,30,alex.brown,2024-03-24 00:00:00,158,6
957,27,sarah.johnson,2024-03-24 00:00:00,260,6
958,5,ana.lopez,2024-03-24 00:00:00,362,6
959,28,alex.brown,2024-03-24 00:00:00,322,6
960,28,alex.brown,2024-03-24 00:00:00,62,6
961,9,sam.miller,2024-03-24 00:00:00,305,6
962,2,james.taylor,2024-03-25 00:00:00,344,7
963,22,sam.miller,2024-03-25 00:00:00,248,7
964,18,james.taylor,2024-03-25 00:00:00,290,7
965,32,david.kumar,2024-03-25 00:00:00,371,7
966,5,sarah.johnson,2024-03-25 00:00:00,215,7
967,22,mark.smith,2024-03-26 00:00:00,164,7
968,32,jordan.davis,2024-03-26 00:00:00,387,7
969,5,mark.smith,2024-03-26 00:00:00,310,7
970,30,emma.jones,2024-03-26 00:00:00,108,7
971,27,alex.brown,2024-03-26 00:00:00,273,7
972,31,rachel.wilson,2024-03-26 00:00:00,392,7
973,5,rachel.wilson,2024-03-27 00:00:00,138,7
974,10,james.taylor,2024-03-27 00:00:00,180,7
975,10,mark.smith,2024-03-27 00:00:00,48,7
976,33,alex.brown,2024-03-27 00:00:00,164,7
977,26,sarah.johnson,2024-03-27 00:00:00,152,7
978,7,david.kumar,2024-03-27 00:00:00,319,7
979,25,david.kumar,2024-03-27 00:00:00,355,7
980,25,mark.smith,2024-03-27 00:00:00,221,7
981,29,rachel.wilson,2024-03-27 00:00:00,72,7
982,5,jordan.davis,2024-03-28 00:00:00,224,7
983,8,emma.jones,2024-03-28 00:00:00,319,7
984,3,tom.garcia,2024-03-28 00:00:00,286,7
985,17,rachel.wilson,2024-03-28 00:00:00,328,7
986,16,mark.smith,2024-03-28 00:00:00,206,7
987,7,james.taylor,2024-03-28 00:00:00,156,7
988,3,lisa.chen,2024-03-28 00:00:00,295,7
989,6,jordan.davis,2024-03-28 00:00:00,64,7
990,31,rachel.wilson,2024-03-28 00:00:00,335,7
991,23,ana.lopez,2024-03-28 00:00:00,218,7
992,32,ana.lopez,2024-03-29 00:00:00,332,7
993,25,emma.jones,2024-03-29 00:00:00,349,7
994,10,mark.smith,2024-03-29 00:00:00,352,7
995,6,rachel.wilson,2024-03-29 00:00:00,46,7
996,4,sam.miller,2024-03-29 00:00:00,151,7
997,31,tom.garcia,2024-03-29 00:00:00,275,7
998,2,james.taylor,2024-03-29 00:00:00,270,7
999,22,tom.garcia,2024-03-29 00:00:00,188,7
1000,25,james.taylor,2024-03-29 00:00:00,127,7
1001,13,sarah.johnson,2024-03-29 00:00:00,30,7
1002,19,sarah.johnson,2024-03-29 00:00:00,61,7
1003,33,sarah.johnson,2024-03-30 00:00:00,187,7
1004,5,lisa.chen,2024-03-30 00:00:00,191,7
1005,10,ana.lopez,2024-03-30 00:00:00,360,7
1006,16,emma.jones,2024-03-30 00:00:00,195,7
1007,21,sarah.johnson,2024-03-30 00:00:00,361,7
1008,21,jordan.davis,2024-03-30 00:00:00,179,7
1009,19,lisa.chen,2024-03-31 00:00:00,178,7
1010,20,james.taylor,2024-03-31 00:00:00,158,7
1011,30,sam.miller,2024-03-31 00:00:00,276,7
1012,10,sam.miller,2024-03-31 00:00:00,98,7
1013,21,jordan.davis,2024-03-31 00:00:00,127,7
1014,28,james.taylor,2024-03-31 00:00:00,318,7
1015,20,lisa.chen,2024-03-31 00:00:00,371,7
1016,28,ana.lopez,2024-03-31 00:00:00,174,7
1017,34,sarah.johnson,2024-04-01 00:00:00,255,7
1018,24,rachel.wilson,2024-04-01 00:00:00,209,7
1019,5,jordan.davis,2024-04-01 00:00:00,323,7
1020,3,mark.smith,2024-04-01 00:00:00,72,7
1021,20,emma.jones,2024-04-01 00:00:00,248,7
1022,29,tom.garcia,2024-04-01 00:00:00,358,7
1023,23,james.taylor,2024-04-01 00:00:00,61,7
1024,14,emma.jones,2024-04-01 00:00:00,392,7
1025,1,sam.miller,2024-04-01 00:00:00,106,7
1026,21,lisa.chen,2024-04-02 00:00:00,69,7
1027,30,alex.brown,2024-04-02 00:00:00,113,7
1028,4,alex.brown,2024-04-02 00:00:00,112,7
1029,20,mark.smith,2024-04-02 00:00:00,376,7
1030,32,james.taylor,2024-04-02 00:00:00,380,7
1031,33,david.kumar,2024-04-02 00:00:00,352,7
1032,32,tom.garcia,2024-04-03 00:00:00,52,7
1033,9,ana.lopez,2024-04-03 00:00:00,269,7
1034,30,jordan.davis,2024-04-03 00:00:00,330,7
1035,22,jordan.davis,2024-04-03 00:00:00,168,7
1036,3,david.kumar,2024-04-03 00:00:00,162,7
1037,16,james.taylor,2024-04-03 00:00:00,259,7
1038,20,sam.miller,2024-04-03 00:00:00,363,7
1039,23,lisa.chen,2024-04-03 00:00:00,376,7
1040,16,tom.garcia,2024-04-03 00:00:00,158,7
1041,17,alex.brown,2024-04-03 00:00:00,309,7
1042,21,sarah.johnson,2024-04-03 00:00:00,32,7
1043,15,sam.miller,2024-04-04 00:00:00,96,7
1044,19,emma.jones,2024-04-04 00:00:00,339,7
1045,27,mark.smith,2024-04-04 00:00:00,92,7
1046,8,mark.smith,2024-04-04 00:00:00,238,7
1047,34,james.taylor,2024-04-04 00:00:00,85,7
1048,12,rachel.wilson,2024-04-04 00:00:00,330,7
1049,3,alex.brown,2024-04-04 00:00:00,130,7
1050,12,tom.garcia,2024-04-04 00:00:00,388,7
1051,16,sam.miller,2024-04-04 00:00:00,124,7
1052,11,rachel.wilson,2024-04-04 00:00:00,188,7
1053,32,mark.smith,2024-04-04 00:00:00,33,7
1054,6,jordan.davis,2024-04-05 00:00:00,233,7
1055,4,james.taylor,2024-04-05 00:00:00,349,7
1056,12,sarah.johnson,2024-04-05 00:00:00,74,7
1057,18,lisa.chen,2024-04-05 00:00:00,258,7
1058,3,sam.miller,2024-04-05 00:00:00,372,7
1059,30,sam.miller,2024-04-05 00:00:00,159,7
1060,10,david.kumar,2024-04-05 00:00:00,199,7
1061,4,jordan.davis,2024-04-05 00:00:00,94,7
1062,10,mark.smith,2024-04-05 00:00:00,379,7
1063,32,david.kumar,2024-04-05 00:00:00,336,7
1064,8,mark.smith,2024-04-06 00:00:00,138,7
1065,6,sarah.johnson,2024-04-06 00:00:00,252,7
1066,18,jordan.davis,2024-04-06 00:00:00,40,7
1067,1,emma.jones,2024-04-06 00:00:00,88,7
1068,27,tom.garcia,2024-04-06 00:00:00,71,7
1069,19,ana.lopez,2024-04-06 00:00:00,193,7
1070,4,sam.miller,2024-04-06 00:00:00,81,7
1071,16,jordan.davis,2024-04-07 00:00:00,253,7
1072,23,emma.jones,2024-04-07 00:00:00,273,7
1073,7,lisa.chen,2024-04-07 00:00:00,185,7
1074,4,alex.brown,2024-04-07 00:00:00,175,7
1075,32,rachel.wilson,2024-04-07 00:00:00,116,7
1076,34,rachel.wilson,2024-04-07 00:00:00,117,7
1077,20,tom.garcia,2024-04-07 00:00:00,94,7
1078,9,rachel.wilson,2024-04-07 00:00:00,41,7
1079,33,mark.smith,2024-04-07 00:00:00,133,7
1080,3,ana.lopez,2024-04-07 00:00:00,372,7
1081,20,jordan.davis,2024-04-07 00:00:00,120,7
1082,24,lisa.chen,2024-04-08 00:00:00,210,8
1083,15,jordan.davis,2024-04-08 00:00:00,400,8
1084,7,alex.brown,2024-04-08 00:00:00,322,8
1085,2,lisa.chen,2024-04-08 00:00:00,364,8
1086,21,mark.smith,2024-04-08 00:00:00,67,8
1087,37,mark.smith,2024-04-08 00:00:00,73,8
1088,8,tom.garcia,2024-04-09 00:00:00,311,8
1089,2,rachel.wilson,2024-04-09 00:00:00,280,8
1090,12,sam.miller,2024-04-09 00:00:00,241,8
1091,32,alex.brown,2024-04-09 00:00:00,180,8
1092,11,mark.smith,2024-04-09 00:00:00,140,8
1093,7,david.kumar,2024-04-09 00:00:00,381,8
1094,26,alex.brown,2024-04-09 00:00:00,265,8
1095,13,david.kumar,2024-04-09 00:00:00,229,8
1096,17,emma.jones,2024-04-10 00:00:00,368,8
1097,30,tom.garcia,2024-04-10 00:00:00,392,8
1098,9,rachel.wilson,2024-04-10 00:00:00,368,8
1099,5,emma.jones,2024-04-10 00:00:00,324,8
1100,25,james.taylor,2024-04-10 00:00:00,220,8
1101,37,tom.garcia,2024-04-10 00:00:00,293,8
1102,19,emma.jones,2024-04-10 00:00:00,229,8
1103,4,tom.garcia,2024-04-10 00:00:00,240,8
1104,3,rachel.wilson,2024-04-10 00:00:00,32,8
1105,33,mark.smith,2024-04-11 00:00:00,331,8
1106,32,lisa.chen,2024-04-11 00:00:00,199,8
1107,28,emma.jones,2024-04-11 00:00:00,372,8
1108,22,emma.jones,2024-04-11 00:00:00,309,8
1109,25,ana.lopez,2024-04-11 00:00:00,177,8
1110,14,james.taylor,2024-04-12 00:00:00,306,8
1111,25,rachel.wilson,2024-04-12 00:00:00,305,8
1112,20,lisa.chen,2024-04-12 00:00:00,116,8
1113,9,rachel.wilson,2024-04-12 00:00:00,250,8
1114,5,james.taylor,2024-04-13 00:00:00,304,8
1115,24,sam.miller,2024-04-13 00:00:00,299,8
1116,37,alex.brown,2024-04-13 00:00:00,69,8
1117,24,lisa.chen,2024-04-13 00:00:00,113,8
1118,3,ana.lopez,2024-04-13 00:00:00,165,8
1119,4,sam.miller,2024-04-13 00:00:00,47,8
1120,3,alex.brown,2024-04-13 00:00:00,49,8
1121,15,jordan.davis,2024-04-14 00:00:00,337,8
1122,10,james.taylor,2024-04-14 00:00:00,342,8
1123,17,jordan.davis,2024-04-14 00:00:00,61,8
1124,28,tom.garcia,2024-04-14 00:00:00,390,8
1125,3,ana.lopez,2024-04-14 00:00:00,355,8
1126,35,sam.miller,2024-04-14 00:00:00,392,8
1127,26,lisa.chen,2024-04-15 00:00:00,114,8
1128,25,lisa.chen,2024-04-15 00:00:00,231,8
1129,20,sam.miller,2024-04-15 00:00:00,400,8
1130,2,sam.miller,2024-04-15 00:00:00,173,8
1131,17,david.kumar,2024-04-16 00:00:00,302,8
1132,30,ana.lopez,2024-04-16 00:00:00,120,8
1133,25,lisa.chen,2024-04-16 00:00:00,200,8
1134,25,james.taylor,2024-04-16 00:00:00,116,8
1135,31,ana.lopez,2024-04-17 00:00:00,266,8
1136,5,sarah.johnson,2024-04-17 00:00:00,215,8
1137,8,rachel.wilson,2024-04-17 00:00:00,258,8
1138,13,lisa.chen,2024-04-17 00:00:00,343,8
1139,21,james.taylor,2024-04-17 00:00:00,215,8
1140,24,mark.smith,2024-04-17 00:00:00,304,8
1141,22,sam.miller,2024-04-17 00:00:00,69,8
1142,19,james.taylor,2024-04-18 00:00:00,120,8
1143,37,tom.garcia,2024-04-18 00:00:00,263,8
1144,19,ana.lopez,2024-04-18 00:00:00,127,8
1145,5,alex.brown,2024-04-18 00:00:00,46,8
1146,8,emma.jones,2024-04-18 00:00:00,87,8
1147,12,sam.miller,2024-04-18 00:00:00,196,8
1148,28,mark.smith,2024-04-18 00:00:00,358,8
1149,10,sarah.johnson,2024-04-19 00:00:00,168,8
1150,12,ana.lopez,2024-04-19 00:00:00,274,8
1151,7,mark.smith,2024-04-19 00:00:00,297,8
1152,5,mark.smith,2024-04-19 00:00:00,257,8
1153,8,tom.garcia,2024-04-19 00:00:00,267,8
1154,18,rachel.wilson,2024-04-19 00:00:00,294,8
1155,24,sam.miller,2024-04-19 00:00:00,200,8
1156,12,sarah.johnson,2024-04-19 00:00:00,208,8
1157,29,emma.jones,2024-04-19 00:00:00,279,8
1158,15,david.kumar,2024-04-20 00:00:00,394,8
1159,29,rachel.wilson,2024-04-20 00:00:00,383,8
1160,28,emma.jones,2024-04-20 00:00:00,201,8
1161,20,sarah.johnson,2024-04-20 00:00:00,339,8
1162,4,david.kumar,2024-04-20 00:00:00,367,8
1163,10,emma.jones,2024-04-20 00:00:00,155,8
1164,6,david.kumar,2024-04-21 00:00:00,64,8
1165,37,mark.smith,2024-04-21 00:00:00,357,8
1166,2,tom.garcia,2024-04-21 00:00:00,220,8
1167,5,jordan.davis,2024-04-21 00:00:00,395,8
1168,15,james.taylor,2024-04-21 00:00:00,110,8
1169,13,james.taylor,2024-04-21 00:00:00,249,8
1170,34,james.taylor,2024-04-21 00:00:00,399,8
1171,16,sam.miller,2024-04-21 00:00:00,40,8
1172,36,sarah.johnson,2024-04-21 00:00:00,283,8
1173,26,ana.lopez,2024-04-21 00:00:00,219,8
1174,24,david.kumar,2024-04-22 00:00:00,233,9
1175,24,tom.garcia,2024-04-22 00:00:00,250,9
1176,11,alex.brown,2024-04-22 00:00:00,179,9
1177,6,tom.garcia,2024-04-22 00:00:00,269,9
1178,24,jordan.davis,2024-04-22 00:00:00,211,9
1179,33,sarah.johnson,2024-04-23 00:00:00,282,9
1180,30,jordan.davis,2024-04-23 00:00:00,94,9
1181,32,james.taylor,2024-04-23 00:00:00,168,9
1182,15,david.kumar,2024-04-23 00:00:00,117,9
1183,33,tom.garcia,2024-04-23 00:00:00,42,9
1184,28,alex.brown,2024-04-23 00:00:00,324,9
1185,29,james.taylor,2024-04-24 00:00:00,214,9
1186,4,david.kumar,2024-04-24 00:00:00,210,9
1187,9,jordan.davis,2024-04-24 00:00:00,40,9
1188,9,lisa.chen,2024-04-24 00:00:00,369,9
1189,26,emma.jones,2024-04-24 00:00:00,108,9
1190,18,mark.smith,2024-04-24 00:00:00,350,9
1191,23,rachel.wilson,2024-04-24 00:00:00,194,9
1192,36,david.kumar,2024-04-24 00:00:00,254,9
1193,18,tom.garcia,2024-04-24 00:00:00,273,9
1194,36,sarah.johnson,2024-04-25 00:00:00,309,9
1195,21,tom.garcia,2024-04-25 00:00:00,319,9
1196,11,james.taylor,2024-04-25 00:00:00,382,9
1197,19,emma.jones,2024-04-26 00:00:00,355,9
1198,19,rachel.wilson,2024-04-26 00:00:00,387,9
1199,35,james.taylor,2024-04-26 00:00:00,217,9
1200,29,james.taylor,2024-04-26 00:00:00,99,9
1201,16,david.kumar,2024-04-26 00:00:00,177,9
1202,17,tom.garcia,2024-04-26 00:00:00,274,9
1203,19,david.kumar,2024-04-27 00:00:00,94,9
1204,24,sam.miller,2024-04-27 00:00:00,260,9
1205,10,ana.lopez,2024-04-27 00:00:00,199,9
1206,15,rachel.wilson,2024-04-27 00:00:00,167,9
1207,12,sarah.johnson,2024-04-28 00:00:00,181,9
1208,16,david.kumar,2024-04-28 00:00:00,294,9
1209,18,james.taylor,2024-04-28 00:00:00,171,9
1210,30,lisa.chen,2024-04-28 00:00:00,229,9
1211,9,alex.brown,2024-04-28 00:00:00,239,9
1212,5,mark.smith,2024-04-28 00:00:00,400,9
1213,36,james.taylor,2024-04-29 00:00:00,227,9
1214,29,lisa.chen,2024-04-29 00:00:00,358,9
1215,37,ana.lopez,2024-04-29 00:00:00,268,9
1216,11,sarah.johnson,2024-04-29 00:00:00,114,9
1217,16,alex.brown,2024-04-29 00:00:00,201,9
1218,1,tom.garcia,2024-04-29 00:00:00,147,9
1219,4,tom.garcia,2024-04-29 00:00:00,389,9
1220,24,alex.brown,2024-04-29 00:00:00,149,9
1221,32,james.taylor,2024-04-30 00:00:00,291,9
1222,29,sarah.johnson,2024-04-30 00:00:00,391,9
1223,22,ana.lopez,2024-04-30 00:00:00,182,9
1224,27,alex.brown,2024-04-30 00:00:00,383,9
1225,36,alex.brown,2024-04-30 00:00:00,307,9
1226,28,rachel.wilson,2024-04-30 00:00:00,142,9
1227,20,david.kumar,2024-04-30 00:00:00,327,9
1228,37,lisa.chen,2024-04-30 00:00:00,143,9
1229,15,rachel.wilson,2024-05-01 00:00:00,166,9
1230,27,mark.smith,2024-05-01 00:00:00,288,9
1231,27,rachel.wilson,2024-05-01 00:00:00,343,9
1232,4,jordan.davis,2024-05-02 00:00:00,200,9
1233,36,lisa.chen,2024-05-02 00:00:00,256,9
1234,20,james.taylor,2024-05-02 00:00:00,247,9
1235,19,ana.lopez,2024-05-02 00:00:00,277,9
1236,9,mark.smith,2024-05-02 00:00:00,40,9
1237,35,lisa.chen,2024-05-02 00:00:00,382,9
1238,14,david.kumar,2024-05-02 00:00:00,252,9
1239,11,jordan.davis,2024-05-03 00:00:00,200,9
1240,33,emma.jones,2024-05-03 00:00:00,196,9
1241,14,david.kumar,2024-05-03 00:00:00,123,9
1242,34,emma.jones,2024-05-03 00:00:00,176,9
1243,2,lisa.chen,2024-05-03 00:00:00,321,9
1244,36,ana.lopez,2024-05-03 00:00:00,246,9
1245,12,alex.brown,2024-05-04 00:00:00,68,9
1246,20,mark.smith,2024-05-04 00:00:00,215,9
1247,23,sam.miller,2024-05-04 00:00:00,182,9
1248,30,david.kumar,2024-05-04 00:00:00,104,9
1249,24,emma.jones,2024-05-05 00:00:00,82,9
1250,25,sarah.johnson,2024-05-05 00:00:00,59,9
1251,14,sam.miller,2024-05-05 00:00:00,284,9
1252,5,alex.brown,2024-05-05 00:00:00,260,9
1253,7,sarah.johnson,2024-05-05 00:00:00,398,9
1254,2,jordan.davis,2024-05-05 00:00:00,377,9
1255,37,emma.jones,2024-05-06 00:00:00,66,10
1256,14,jordan.davis,2024-05-06 00:00:00,179,10
1257,11,jordan.davis,2024-05-06 00:00:00,211,10
1258,36,jordan.davis,2024-05-06 00:00:00,99,10
1259,30,ana.lopez,2024-05-06 00:00:00,34,10
1260,19,rachel.wilson,2024-05-06 00:00:00,207,10
1261,27,sarah.johnson,2024-05-07 00:00:00,98,10
1262,21,lisa.chen,2024-05-07 00:00:00,220,10
1263,20,james.taylor,2024-05-08 00:00:00,112,10
1264,23,emma.jones,2024-05-08 00:00:00,317,10
1265,14,lisa.chen,2024-05-08 00:00:00,154,10
1266,18,ana.lopez,2024-05-08 00:00:00,199,10
1267,14,jordan.davis,2024-05-08 00:00:00,363,10
1268,23,sam.miller,2024-05-08 00:00:00,309,10
1269,8,sarah.johnson,2024-05-08 00:00:00,348,10
1270,29,emma.jones,2024-05-09 00:00:00,398,10
1271,8,sam.miller,2024-05-09 00:00:00,217,10
1272,26,mark.smith,2024-05-09 00:00:00,294,10
1273,5,jordan.davis,2024-05-10 00:00:00,333,10
1274,12,rachel.wilson,2024-05-10 00:00:00,332,10
1275,14,emma.jones,2024-05-10 00:00:00,359,10
1276,30,david.kumar,2024-05-10 00:00:00,362,10
1277,28,jordan.davis,2024-05-11 00:00:00,148,10
1278,1,rachel.wilson,2024-05-11 00:00:00,155,10
1279,15,tom.garcia,2024-05-12 00:00:00,35,10
1280,36,tom.garcia,2024-05-12 00:00:00,236,10
1281,10,rachel.wilson,2024-05-12 00:00:00,70,10
1282,11,alex.brown,2024-05-12 00:00:00,249,10
1283,6,sarah.johnson,2024-05-12 00:00:00,204,10
1284,5,jordan.davis,2024-05-12 00:00:00,154,10
1285,19,jordan.davis,2024-05-12 00:00:00,363,10
1286,2,david.kumar,2024-05-12 00:00:00,98,10
1287,25,tom.garcia,2024-05-13 00:00:00,271,10
1288,27,jordan.davis,2024-05-13 00:00:00,236,10
1289,19,lisa.chen,2024-05-13 00:00:00,42,10
1290,25,david.kumar,2024-05-13 00:00:00,165,10
1291,32,sam.miller,2024-05-13 00:00:00,276,10
1292,24,sarah.johnson,2024-05-13 00:00:00,212,10
1293,23,mark.smith,2024-05-13 00:00:00,173,10
1294,27,lisa.chen,2024-05-13 00:00:00,272,10
1295,21,sam.miller,2024-05-14 00:00:00,104,10
1296,33,james.taylor,2024-05-14 00:00:00,88,10
1297,7,jordan.davis,2024-05-14 00:00:00,369,10
1298,25,tom.garcia,2024-05-14 00:00:00,397,10
1299,9,sarah.johnson,2024-05-14 00:00:00,64,10
1300,26,emma.jones,2024-05-14 00:00:00,218,10
1301,17,sarah.johnson,2024-05-14 00:00:00,323,10
1302,12,david.kumar,2024-05-14 00:00:00,103,10
1303,28,sarah.johnson,2024-05-15 00:00:00,334,10
1304,10,tom.garcia,2024-05-15 00:00:00,90,10
1305,29,emma.jones,2024-05-15 00:00:00,312,10
1306,36,james.taylor,2024-05-15 00:00:00,218,10
1307,5,james.taylor,2024-05-15 00:00:00,121,10
1308,3,rachel.wilson,2024-05-16 00:00:00,287,10
1309,15,tom.garcia,2024-05-16 00:00:00,287,10
1310,17,james.taylor,2024-05-16 00:00:00,34,10
1311,5,james.taylor,2024-05-16 00:00:00,311,10
1312,5,rachel.wilson,2024-05-16 00:00:00,59,10
1313,26,emma.jones,2024-05-17 00:00:00,310,10
1314,34,rachel.wilson,2024-05-17 00:00:00,152,10
1315,11,tom.garcia,2024-05-17 00:00:00,213,10
1316,29,mark.smith,2024-05-17 00:00:00,257,10
1317,12,david.kumar,2024-05-17 00:00:00,197,10
1318,20,ana.lopez,2024-05-17 00:00:00,185,10
1319,27,sarah.johnson,2024-05-17 00:00:00,264,10
1320,19,sam.miller,2024-05-18 00:00:00,243,10
1321,22,ana.lopez,2024-05-18 00:00:00,336,10
1322,3,jordan.davis,2024-05-19 00:00:00,248,10
1323,17,tom.garcia,2024-05-19 00:00:00,106,10
1324,17,jordan.davis,2024-05-19 00:00:00,84,10
1325,5,sarah.johnson,2024-05-19 00:00:00,282,10
1326,14,james.taylor,2024-05-19 00:00:00,103,10
1327,24,emma.jones,2024-05-19 00:00:00,166,10
1328,1,ana.lopez,2024-05-19 00:00:00,45,10
1329,14,david.kumar,2024-05-20 00:00:00,193,11
1330,10,tom.garcia,2024-05-20 00:00:00,342,11
1331,3,tom.garcia,2024-05-21 00:00:00,377,11
1332,5,alex.brown,2024-05-21 00:00:00,255,11
1333,26,emma.jones,2024-05-21 00:00:00,173,11
1334,7,sarah.johnson,2024-05-21 00:00:00,377,11
1335,17,sarah.johnson,2024-05-21 00:00:00,177,11
1336,18,james.taylor,2024-05-22 00:00:00,300,11
1337,21,jordan.davis,2024-05-22 00:00:00,295,11
1338,25,tom.garcia,2024-05-22 00:00:00,393,11
1339,7,tom.garcia,2024-05-23 00:00:00,227,11
1340,15,rachel.wilson,2024-05-23 00:00:00,279,11
1341,3,sarah.johnson,2024-05-23 00:00:00,279,11
1342,25,mark.smith,2024-05-23 00:00:00,117,11
1343,31,jordan.davis,2024-05-24 00:00:00,70,11
1344,13,alex.brown,2024-05-24 00:00:00,384,11
1345,15,mark.smith,2024-05-24 00:00:00,278,11
1346,17,jordan.davis,2024-05-24 00:00:00,207,11
1347,23,emma.jones,2024-05-24 00:00:00,232,11
1348,27,jordan.davis,2024-05-24 00:00:00,389,11
1349,30,emma.jones,2024-05-24 00:00:00,171,11
1350,31,jordan.davis,2024-05-25 00:00:00,268,11
1351,12,rachel.wilson,2024-05-25 00:00:00,68,11
1352,13,mark.smith,2024-05-25 00:00:00,390,11
1353,31,tom.garcia,2024-05-25 00:00:00,179,11
1354,34,sam.miller,2024-05-26 00:00:00,194,11
1355,29,sarah.johnson,2024-05-27 00:00:00,348,11
1356,8,sarah.johnson,2024-05-27 00:00:00,108,11
1357,38,jordan.davis,2024-05-27 00:00:00,353,11
1358,14,lisa.chen,2024-05-27 00:00:00,237,11
1359,37,jordan.davis,2024-05-27 00:00:00,97,11
1360,7,mark.smith,2024-05-28 00:00:00,63,11
1361,5,sarah.johnson,2024-05-28 00:00:00,361,11
1362,10,james.taylor,2024-05-28 00:00:00,162,11
1363,21,alex.brown,2024-05-28 00:00:00,288,11
1364,37,tom.garcia,2024-05-28 00:00:00,208,11
1365,29,jordan.davis,2024-05-28 00:00:00,398,11
1366,19,james.taylor,2024-05-29 00:00:00,150,11
1367,5,ana.lopez,2024-05-29 00:00:00,138,11
1368,14,emma.jones,2024-05-29 00:00:00,222,11
1369,8,ana.lopez,2024-05-29 00:00:00,340,11
1370,11,ana.lopez,2024-05-29 00:00:00,354,11
1371,9,david.kumar,2024-05-29 00:00:00,337,11
1372,5,jordan.davis,2024-05-29 00:00:00,313,11
1373,27,lisa.chen,2024-05-30 00:00:00,260,11
1374,27,mark.smith,2024-05-30 00:00:00,191,11
1375,7,sarah.johnson,2024-05-30 00:00:00,260,11
1376,7,rachel.wilson,2024-05-30 00:00:00,184,11
1377,21,emma.jones,2024-05-30 00:00:00,389,11
1378,4,emma.jones,2024-05-30 00:00:00,309,11
1379,7,ana.lopez,2024-05-31 00:00:00,255,11
1380,5,emma.jones,2024-05-31 00:00:00,180,11
1381,26,jordan.davis,2024-06-01 00:00:00,175,11
1382,32,tom.garcia,2024-06-01 00:00:00,123,11
1383,22,sam.miller,2024-06-01 00:00:00,145,11
1384,13,lisa.chen,2024-06-01 00:00:00,382,11
1385,26,jordan.davis,2024-06-01 00:00:00,201,11
1386,35,jordan.davis,2024-06-01 00:00:00,387,11
1387,3,tom.garcia,2024-06-02 00:00:00,110,11
1388,29,emma.jones,2024-06-02 00:00:00,257,11
1389,30,david.kumar,2024-06-02 00:00:00,357,11
1390,18,david.kumar,2024-06-03 00:00:00,392,12
1391,16,mark.smith,2024-06-04 00:00:00,246,12
1392,9,ana.lopez,2024-06-04 00:00:00,213,12
1393,32,alex.brown,2024-06-04 00:00:00,377,12
1394,35,emma.jones,2024-06-04 00:00:00,177,12
1395,30,rachel.wilson,2024-06-04 00:00:00,51,12
1396,26,mark.smith,2024-06-05 00:00:00,239,12
1397,36,ana.lopez,2024-06-05 00:00:00,50,12
1398,36,sam.miller,2024-06-05 00:00:00,131,12
1399,13,mark.smith,2024-06-05 00:00:00,30,12
1400,11,david.kumar,2024-06-06 00:00:00,382,12
1401,4,sarah.johnson,2024-06-06 00:00:00,357,12
1402,28,james.taylor,2024-06-06 00:00:00,281,12
1403,20,jordan.davis,2024-06-07 00:00:00,174,12
1404,27,sarah.johnson,2024-06-07 00:00:00,167,12
1405,31,alex.brown,2024-06-07 00:00:00,333,12
1406,20,jordan.davis,2024-06-08 00:00:00,87,12
1407,9,sam.miller,2024-06-08 00:00:00,140,12
1408,24,sam.miller,2024-06-09 00:00:00,89,12
1409,36,emma.jones,2024-06-09 00:00:00,49,12
1410,29,alex.brown,2024-06-09 00:00:00,263,12
1411,31,emma.jones,2024-06-10 00:00:00,303,12
1412,28,jordan.davis,2024-06-10 00:00:00,72,12
1413,23,sam.miller,2024-06-10 00:00:00,333,12
1414,24,lisa.chen,2024-06-10 00:00:00,399,12
1415,7,mark.smith,2024-06-10 00:00:00,184,12
1416,1,ana.lopez,2024-06-11 00:00:00,332,12
1417,12,alex.brown,2024-06-12 00:00:00,218,12
1418,29,james.taylor,2024-06-12 00:00:00,301,12
1419,6,rachel.wilson,2024-06-12 00:00:00,167,12
1420,3,sam.miller,2024-06-12 00:00:00,130,12
1421,25,david.kumar,2024-06-12 00:00:00,290,12
1422,8,mark.smith,2024-06-12 00:00:00,216,12
1423,11,mark.smith,2024-06-12 00:00:00,104,12
1424,38,rachel.wilson,2024-06-13 00:00:00,30,12
1425,35,tom.garcia,2024-06-13 00:00:00,249,12
1426,32,emma.jones,2024-06-13 00:00:00,110,12
1427,13,james.taylor,2024-06-14 00:00:00,65,12
1428,33,emma.jones,2024-06-14 00:00:00,37,12
1429,31,sam.miller,2024-06-14 00:00:00,202,12
1430,24,mark.smith,2024-06-14 00:00:00,324,12
1431,24,lisa.chen,2024-06-14 00:00:00,240,12
1432,26,tom.garcia,2024-06-14 00:00:00,51,12
1433,4,emma.jones,2024-06-14 00:00:00,178,12
1434,3,lisa.chen,2024-06-15 00:00:00,119,12
1435,14,alex.brown,2024-06-15 00:00:00,293,12
1436,36,david.kumar,2024-06-15 00:00:00,308,12
1437,36,alex.brown,2024-06-15 00:00:00,400,12
1438,21,lisa.chen,2024-06-15 00:00:00,352,12
1439,13,tom.garcia,2024-06-15 00:00:00,273,12
1440,5,sarah.johnson,2024-06-15 00:00:00,96,12
1441,8,sarah.johnson,2024-06-16 00:00:00,208,12
1442,21,lisa.chen,2024-06-16 00:00:00,303,12
1443,25,james.taylor,2024-06-16 00:00:00,55,12
1444,3,jordan.davis,2024-06-17 00:00:00,150,13
1445,17,alex.brown,2024-06-17 00:00:00,44,13
1446,33,james.taylor,2024-06-17 00:00:00,253,13
1447,39,tom.garcia,2024-06-18 00:00:00,190,13
1448,35,alex.brown,2024-06-18 00:00:00,365,13
1449,7,rachel.wilson,2024-06-18 00:00:00,383,13
1450,31,alex.brown,2024-06-19 00:00:00,187,13
1451,14,ana.lopez,2024-06-19 00:00:00,332,13
1452,16,alex.brown,2024-06-19 00:00:00,167,13
1453,36,rachel.wilson,2024-06-19 00:00:00,276,13
1454,37,tom.garcia,2024-06-20 00:00:00,309,13
1455,5,sam.miller,2024-06-20 00:00:00,73,13
1456,4,james.taylor,2024-06-20 00:00:00,214,13
1457,9,mark.smith,2024-06-20 00:00:00,231,13
1458,15,ana.lopez,2024-06-20 00:00:00,98,13
1459,35,mark.smith,2024-06-21 00:00:00,300,13
1460,27,sarah.johnson,2024-06-21 00:00:00,272,13
1461,14,david.kumar,2024-06-21 00:00:00,168,13
1462,26,james.taylor,2024-06-21 00:00:00,278,13
1463,34,sam.miller,2024-06-21 00:00:00,128,13
1464,2,james.taylor,2024-06-21 00:00:00,295,13
1465,28,tom.garcia,2024-06-22 00:00:00,387,13
1466,34,james.taylor,2024-06-22 00:00:00,182,13
1467,5,jordan.davis,2024-06-23 00:00:00,110,13
1468,38,sarah.johnson,2024-06-23 00:00:00,356,13
1469,11,sarah.johnson,2024-06-23 00:00:00,345,13
1470,27,alex.brown,2024-06-24 00:00:00,81,13
1471,8,jordan.davis,2024-06-24 00:00:00,350,13
1472,35,jordan.davis,2024-06-24 00:00:00,73,13
1473,5,rachel.wilson,2024-06-24 00:00:00,356,13
1474,2,lisa.chen,2024-06-25 00:00:00,279,13
1475,17,lisa.chen,2024-06-25 00:00:00,210,13
1476,11,sarah.johnson,2024-06-25 00:00:00,291,13
1477,9,sam.miller,2024-06-25 00:00:00,331,13
1478,32,alex.brown,2024-06-25 00:00:00,122,13
1479,28,david.kumar,2024-06-26 00:00:00,49,13
1480,3,david.kumar,2024-06-26 00:00:00,209,13
1481,6,alex.brown,2024-06-26 00:00:00,213,13
1482,8,james.taylor,2024-06-26 00:00:00,374,13
1483,21,mark.smith,2024-06-26 00:00:00,184,13
1484,38,alex.brown,2024-06-26 00:00:00,136,13
1485,2,james.taylor,2024-06-27 00:00:00,379,13
1486,36,james.taylor,2024-06-27 00:00:00,371,13
1487,17,sarah.johnson,2024-06-27 00:00:00,85,13
1488,5,sam.miller,2024-06-27 00:00:00,287,13
1489,15,jordan.davis,2024-06-27 00:00:00,248,13
1490,24,james.taylor,2024-06-27 00:00:00,371,13
1491,17,david.kumar,2024-06-28 00:00:00,322,13
1492,36,jordan.davis,2024-06-28 00:00:00,126,13
1493,32,rachel.wilson,2024-06-28 00:00:00,385,13
1494,24,ana.lopez,2024-06-28 00:00:00,225,13
1495,9,david.kumar,2024-06-28 00:00:00,186,13
1496,27,rachel.wilson,2024-06-28 00:00:00,209,13
1497,8,james.taylor,2024-06-28 00:00:00,128,13
1498,26,rachel.wilson,2024-06-29 00:00:00,152,13
1499,8,jordan.davis,2024-06-30 00:00:00,236,13
1500,1,lisa.chen,2024-06-30 00:00:00,102,13
1501,28,sarah.johnson,2024-06-30 00:00:00,272,13
1502,12,james.taylor,2024-06-30 00:00:00,235,13
1503,26,sam.miller,2024-06-30 00:00:00,83,13
1504,5,rachel.wilson,2024-06-30 00:00:00,250,13
